{
  "fileUrl": "https://www.w3.org/WAI/ER/tests/xhtml/testfiles/resources/pdf/dummy.pdf",
  "fileName": "triall.pdf",

  "inputs": [
{
  "pageIndex": 0,
  "fieldType": "signatureField",
  "fieldName": "Signature",
  "isReadOnly": false,
  "fieldRect": [
    10,
    10,
    100,
    100
  ],
  "rgbBorder" : [0,1,0],
  "rgbBackGround" : [50,1,15]
},
    {
      "pageIndex": 0,
      "fieldType": "checkBox",
      "fieldName": "MyCheckBox",
      "style": "u",
      "isReadOnly": false,
      "coordinates": [
        30,
        30,
        30,
        30
      ],
      "rgbBorder" : [0,1,0],
      "rgbBackGround" : [50,1,15]
    },
    {
      "pageIndex": 0,
      "fieldType": "textField",
      "fieldName": "textfields",
      "isReadOnly": true,
      "fieldRect": [
        100,
        350,
        100,
        100
      ],
      "rgbBorder" : [0,1,0],
      "rgbBackGround" : [50,1,15]
    },
    {
      "pageIndex": 0,
      "fieldType": "textField",
      "fieldName": "inputttt",
      "isReadOnly": false,
      "fieldRect": [
        20,
        250,
        100,
        100
      ],
      "rgbBorder" : [0,1,0],
      "rgbBackGround" : [50,1,15]
    },

    {
      "pageIndex": 0,
      "fieldType": "radioButton",
      "fieldName": "MyRadioButton",
      "style" : "noCaption",
      "isReadOnly": false,
      "widget": [
        30,
        300,
        30,
        30
      ],
      "text": [
        60,
        300
      ],
      "options": [
        "a",
        "b",
        "c"
      ],
      "rgbBorder" : [0,1,0],
      "rgbBackGround" : [50,1,15]
    },
    {
      "pageIndex": 0,
      "fieldType": "dropdown",
      "fieldName": "dropdown",
      "isReadOnly" : false,
      "isMultiSelect" : true,
      "fieldRect": [
        20,
        200,
        50,
        50
      ],
      "options": [
        "option1",
        "option2"
      ],
      "rgbBorder" : [0,1,0],
      "rgbBackGround" : [50,1,15]
    },

    {
      "pageIndex" : 0,
      "fieldType" : "listBox",
      "fieldName" : "listBox",
      "isReadOnly": false,
      "isMultiSelect" : true,
      "fieldRect" : [
        70,
        70,
        180,
        40
      ],
      "options": [
        "a",
        "b",
        "c",
        "d",
        "e"
      ],
      "rgbBorder" : [0,1,0],
      "rgbBackGround" : [50,1,15]
    }

  ]
}